#Clusters,Linkage(avg)
10,0.208984
9,0.211628
8,0.238900
7,0.252157
6,0.308741
5,0.358136
4,0.369690
3,0.531702
2,0.631210
1,0.693166
