#Clusters,Linkage(complete)
10,0.433727
9,0.446462
8,0.467466
7,0.482119
6,0.556505
5,0.595659
4,0.641925
3,0.908998
2,1.034428
1,1.289457
