#Clusters,Linkage(single)
10,0.035038
9,0.035410
8,0.035729
7,0.036876
6,0.039646
5,0.043713
4,0.083282
3,0.130157
2,0.140253
1,0.140650
